Tut.com,434
Virginiamason.org,402
Afsp.org,393
Acr.org,228
Bcm.edu,86
Aapa.org,409
Pathologyoutlines.com,107
Mouthhealthy.org,368
Sleepfoundation.org,146
Top10homeremedies.com,319
Wakehealth.edu,174
Hl7.org,379
Bidmc.org,164
Asha.org,72
Texaschildrens.org,227
Diabetesdaily.com,222
Goodrx.com,48
Usp.org,395
Zocdoc.com,33
Rsna.org,81
Hopkinsmedicine.org,37
Choa.org,342
Aa.org,284
Mayoclinic.org,3
Blood.ca,361
Healthyplace.com,130
Consumerlab.com,214
Verywellmind.com,18
Bjc.org,388
Atkins.com,234
Goodtherapy.org,117
Gastrojournal.org,280
Lesmills.com,259
Sentara.com,260
Acefitness.org,102
Aae.org,423
Nasm.org,137
Rxlist.com,27
Vcuhealth.org,430
Sunnybrook.ca,265
Uclahealth.org,78
Healthypeople.gov,380
Menshealth.co.uk,210
Gwumc.edu,287
Express-scripts.com,42
Self.com,22
Himss.org,401
Nhs.uk,10
Cpsc.gov,181
Purina.com,241
Kevinmd.com,185
Advocatehealth.com,211
Drinkaware.co.uk,251
Mdlinx.com,315
Hairlosstalk.com,144
Netdoctor.co.uk,63
Auanet.org,389
Samhsa.gov,160
Kaums.ac.ir,218
Acep.org,344
Apa.org,16
Qmu.ac.uk,399
Fhi360.org,304
Getbodysmart.com,381
Totalbeauty.com,134
Uspreventiveservicestaskforce.org,419
Ajronline.org,217
Davita.com,187
Silversneakers.com,242
Ufhealth.org,303
Diabetes.org,104
Stlcop.edu,384
Mdanderson.org,100
Musc.edu,113
Chestnet.org,270
Bethematch.org,327
Stanfordchildrens.org,115
Nationaleczema.org,382
Speechpathology.com,383
Mercola.com,19
Thelancet.com,47
Sgul.ac.uk,427
Ideafit.com,58
Mentalhealthamerica.net,155
Asahq.org,201
Diabetes.co.uk,191
Ouhsc.edu,212
Steadyhealth.com,267
Cancercenter.com,150
Aap.org,158
Cochrane.org,62
Novanthealth.org,352
Allnurses.com,156
Ada.org,124
Macmillan.org.uk,244
Rush.edu,85
Medscape.com,9
Asco.org,320
Lls.org,405
Labtestsonline.org,89
Nasponline.org,403
Dailystrength.org,328
Kaiserpermanente.org,8
Lshtm.ac.uk,173
Childrens.com,421
Bhf.org.uk,198
Patientfusion.com,292
Aromaweb.com,291
Plannedparenthood.org,41
Familydoctor.org,125
Rheumatology.org,317
Acsh.org,283
Eehealth.org,375
Dermnetnz.org,176
Nsc.org,357
Chw.org,378
Thoracic.org,410
Smokefree.gov,324
Mskcc.org,77
Who.int,6
Nationaleatingdisorders.org,256
Acponline.org,143
Drugabuse.gov,43
Seattlechildrens.org,196
Cancer.ca,166
Facs.org,235
Nurse.com,351
Psychiatry.org,142
Kidney.org,135
3d4medical.com,433
Intermountainhealthcare.org,109
Uchospitals.edu,239
Counseling.org,269
Northwell.edu,132
Osha.gov,51
Sermo.com,426
Utmb.edu,148
Atsu.edu,255
Mui.ac.ir,75
Responsibility.org,415
Sdsu.edu,23
Healthstream.com,91
Cqu.edu.au,103
Nccn.org,203
Aacap.org,416
Ahima.org,296
Labcorp.com,52
Downstate.edu,188
Healthfusion.com,439
Bridgestorecovery.com,398
Healthyhearing.com,343
Fitnessmagazine.com,93
Clevelandclinic.org,24
Westernu.edu,205
Acaai.org,360
Vin.com,172
Weightwatchers.com,28
Presencehealth.org,438
Chemocare.com,197
Childrenscolorado.org,359
Unaids.org,223
Myfitnesspal.com,5
Bounty.com,118
Tonyrobbins.com,73
24hourfitness.com,61
Aaaai.org,336
Coachfederation.org,298
Hse.gov.uk,83
Uscg.mil,262
Diabetesselfmanagement.com,247
Drweil.com,87
Ahn.org,372
Lisaeldridge.com,314
Verywellfit.com,29
Ncsbn.org,293
Ajnr.org,252
Menshealth.com,17
Physionet.org,277
Merckvetmanual.com,253
Alz.org,101
Kidshealth.org,20
Utsouthwestern.edu,122
Fema.gov,57
Patient.info,80
Multicare.org,274
Healthtalk.org,440
Rvc.ac.uk,431
Suicidepreventionlifeline.org,224
Nursingworld.org,240
Aad.org,97
Beautyheaven.com.au,250
Mckesson.com,74
Upmc.com,82
Tums.ac.ir,40
Cedars-sinai.edu,232
Fredhutch.org,376
Wellness.com,323
Kums.ac.ir,299
Healthdirect.gov.au,127
Dentalcare.com,348
Nami.org,128
Umsha.ac.ir,341
Landmarkworldwide.com,392
Ahrq.gov,145
Bmj.com,14
Epilepsy.com,192
Mindful.org,220
Thundersplace.org,254
Dynamed.com,362
Vch.ca,400
Beaumont.edu,377
Uhn.ca,288
Healthgrades.com,30
Health-partners.org,225
Cdc.gov,7
Minddisorders.com,367
Cincinnatichildrens.org,180
Nationalmssociety.org,290
Dana-farber.org,282
Peacecorps.gov,133
Bannerhealth.com,175
Dublincity.ie,261
Hematology.org,266
Heart.org,38
Hss.edu,229
Swedish.org,313
Aoa.org,301
Unmc.edu,140
Nationwidechildrens.org,340
Massageenvy.com,95
Nursingcenter.com,306
Sharecare.com,44
Goldsgym.com,189
Avert.org,193
Additudemag.com,56
Aans.org,394
Poz.com,309
Physicianassistantforum.com,295
Umc.edu,350
Theclinics.com,195
Brookes.ac.uk,120
Amc.edu,243
Webmd.com,2
Doximity.com,60
Nccpa.net,425
Aao.org,64
Bma.org.uk,325
Lhsc.on.ca,390
Plymouth.ac.uk,76
Nm.org,159
Fpnotebook.com,258
Stjude.org,108
Iarc.fr,248
Pegym.com,286
Sutterhealth.org,50
Lifeinthefastlane.com,165
Plasticsurgery.org,236
Banfield.com,184
Escardio.org,177
Annals.org,194
Gi.org,429
Aofas.org,412
Fireengineering.com,275
Thehorse.com,396
Studentdoctor.net,49
Michaeljfox.org,424
Eatright.org,330
Rcgp.org.uk,273
Gums.ac.ir,215
Ccohs.ca,141
Providence.org,53
Surgicalneurologyint.com,246
Dea.gov,233
Psychologytoday.com,4
Nmh.org,441
Naturallycurly.com,99
Nursingtimes.net,182
Baptisthealth.net,432
Rch.org.au,208
Sickkids.ca,268
Healthywomen.org,281
Uwmedicine.org,110
Ashp.org,136
Paperchase.com,157
Hear-it.org,414
Emoryhealthcare.org,349
Dexcom.com,190
Allinahealth.org,206
Kidneyfund.org,300
Uwhealth.org,199
Ratemds.com,126
Jneurosci.org,90
Baldtruthtalk.com,356
Chop.edu,114
Breastcancer.org,152
Drugpolicy.org,316
Todaysdietitian.com,385
psychiatryonline.org,345
Caredash.com,307
Jonbarron.org,411
Wrongplanet.net,322
Uhhospitals.org,289
Spine-health.com,71
Paulaschoice.com,119
Rcpsych.ac.uk,346
Endocrineweb.com,161
Jci.org,139
Childrenshospital.org,179
Partners.org,59
Osaka-med.ac.jp,364
Celiac.org,437
Ghs.org,257
Fda.gov,15
Spring.org.uk,366
Acog.org,147
Clinicaltrials.gov,39
Childrensmn.org,417
Sharp.com,311
Auntminnie.com,272
Verywellhealth.com,12
Medicaldaily.com,66
Vitals.com,36
Inrs.fr,219
Apta.org,202
Mentalhelp.net,84
Usmleforum.com,321
Atlantichealth.org,332
Aafp.org,34
Unfpa.org,138
Ihi.org,237
Ynhh.org,369
Epic.com,131
Nyp.org,105
Basenotes.net,79
Lung.org,154
Worksafebc.com,371
Md.com,337
Montgomerycountymd.gov,151
Kumc.edu,111
Harrishealth.org,436
Patientslikeme.com,231
Firerescue1.com,407
Greatclips.com,92
Acc.org,162
Drugs.com,13
Ehstoday.com,404
Westonaprice.org,358
Score.org,168
Specsavers.com.au,209
Dogfoodadvisor.com,183
Ecommunity.com,365
Abim.org,347
Wehi.edu.au,413
Pdr.net,263
Childrensnational.org,279
Nbome.org,271
Jmir.org,435
Ohiohealth.com,276
Ama-assn.org,69
Nrmp.org,264
Fragrantica.com,25
Prevention.com,70
Montefiore.org,204
Nsca.com,373
Aplaceformom.com,213
Bmc.org,297
Radiologyinfo.org,163
Midwestern.edu,170
Petmd.com,46
Aamc.org,45
Avma.org,186
Wellcome.ac.uk,294
Makeupalley.com,67
Cno.org,285
Aurorahealthcare.org,354
Bastyr.edu,422
Glaucoma.org,420
Aan.com,408
Pcom.edu,278
Mind.org.uk,149
Nih.gov,1
Neurology.org,123
Scripps.org,221
Fsmb.org,353
Alzheimers.org.uk,305
Petwave.com,355
Besthealthmag.ca,334
Heartfoundation.org.au,226
Houstonmethodist.org,216
Floridahospital.com,363
Alsa.org,418
Fairview.org,121
Afb.org,318
Sbmu.ac.ir,54
Henryford.com,339
Aidsmap.com,335
Aaos.org,68
Esmo.org,249
Examine.com,88
Nremt.org,171
Brighamandwomens.org,245
Assh.org,333
Metrohealth.org,312
Doctorswithoutborders.org,302
Yorkvilleu.ca,310
Racgp.org.au,230
Sciencebasedmedicine.org,167
Cerner.com,55
Stevepavlina.com,370
Nejm.org,31
Bournemouth.ac.uk,96
Rarediseases.org,169
Anxietycentre.com,153
Osteopathic.org,207
Seniorhousingnet.com,326
Cancer.gov,35
Health.com,26
Arthritis.org,98
Texashealth.org,238
Medlineplus.gov,11
Redcrossblood.org,116
Cancer.org,32
Psychguides.com,308
Doctorslounge.com,331
Docsopinion.com,428
Beyondblue.org.au,178
Marchofdimes.org,391
Brainline.org,329
Miladhospital.com,338
Nuance.com,65
Dmc.org,387
Physioroom.com,386
Ucsfhealth.org,200
mhmedical.com,112
Albertahealthservices.ca,106
Adaa.org,129
Zerotothree.org,374
Cancer.net,94
Medstarhealth.org,406
Medicinenet.com,21
Idfpr.com,397
